"id","first_name","last_name","email","birthday"
4,"Aaron","Bannister","","2021-05-03"
5,"Nessa","Baudinot","","2021-05-24"
6,"Avictor","Dowzell","","2020-10-22"
7,"Darcey","Bartlam","","2020-09-03"
9,"Junie","Mocquer","","2020-12-08"
10,"Flo","Stent","","2020-10-18"
11,"Benoit","Sollam","","2020-09-03"
12,"Cyndie","MacSporran","","2021-04-02"
13,"Velma","Althrop","","2020-11-06"
14,"Euell","Layman","","2020-12-15"
15,"Hussein","Musselwhite","","2021-01-22"
16,"Darlleen","Summergill","","2021-04-17"
17,"Eb","MacPake","","2020-12-25"
18,"Barbara","von Hagt",NULL,NULL
19,"Randall","Kerin","","2021-01-10"
20,"Dane","Blasetti","","2020-12-23"
21,"Dara","Tredinnick","","2021-03-27"
22,"Dani","Butterick","","2020-08-29"
23,"Dianna","Culligan","","2021-06-25"
24,"Tarra","Figger","","2020-10-30"
25,"Fabe","Billie","","2020-07-17"
26,"Adler","Stefi","","2020-11-12"
27,"Gaspar","Threadgould","","2020-11-19"
28,"Genovera","McCartan","","2020-07-21"
29,"Kelbee","Bringloe","","2021-02-03"
30,"Tildie","Rodson","","2020-09-08"
31,"Leisha","Carswell","","2021-07-04"
32,"Noach","Petters","","2020-12-17"
33,"Arte","Mitchinson","","2020-07-28"
34,"Griz","Kase","","2021-06-14"
35,"Yolanthe","St. Quintin","","2021-05-24"
36,"Cybill","Ibeson","","2021-04-02"
37,"Cleo","Binks","","2021-01-27"
38,"Averell","David","","2021-02-23"
39,"Cristin","Aubri","","2020-08-08"
40,"Barbi","Haddleton","","2021-05-07"
42,"Collie","Blaxall","","2020-12-03"
44,"Marys","Huband","","2020-07-25"
46,"Gerrie","Surmeir","","2020-08-23"
47,"Wendy","Crutchley","","2020-09-28"
48,"Aarika","Foystone","","2020-08-12"
49,"Waneta","Lethbridge","","2021-04-09"
50,"Maure","Haglinton","","2021-03-16"
8,"Von","Bartkowiak","","1999-05-11"
1,"Haily","O'Keefe","",NULL
3,"Wainwright","Batson","",NULL
2,"Darcey","Crossman","",NULL
